UnitPrice,Product2Id,Pricebook2Id
25000.0,01t410000014pLBAAY,01s41000006OoEOAA0
5000.0,01t410000014pLCAAY,01s41000006OoEOAA0
85000.0,01t410000014pLDAAY,01s41000006OoEOAA0
50000.0,01t410000014pLFAAY,01s41000006OoEOAA0
0.0,01t410000014pLGAAY,01s41000006OoEOAA0
0.0,01t410000014pLHAAY,01s41000006OoEOAA0
0.0,01t410000014pLIAAY,01s41000006OoEOAA0
0.0,01t410000014pLJAAY,01s41000006OoEOAA0
0.0,01t410000014pLKAAY,01s41000006OoEOAA0
0.0,01t410000014pLLAAY,01s41000006OoEOAA0
0.0,01t410000014pLMAAY,01s41000006OoEOAA0
0.0,01t410000014pLNAAY,01s41000006OoEOAA0
0.0,01t410000014pLOAAY,01s41000006OoEOAA0
0.0,01t410000014pLPAAY,01s41000006OoEOAA0
0.0,01t410000014pLQAAY,01s41000006OoEOAA0
