"UnitPrice","Product2Id","Pricebook2Id"
"25000.0","01t36000001fKQjAAM","01s360000042pVRAAY"
"5000.0","01t36000001fKQkAAM","01s360000042pVRAAY"
"85000.0","01t36000001fKQlAAM","01s360000042pVRAAY"
"50000.0","01t36000001fKQnAAM","01s360000042pVRAAY"
"0.0","01t36000001fKQoAAM","01s360000042pVRAAY"
"0.0","01t36000001fKQpAAM","01s360000042pVRAAY"
"0.0","01t36000001fKQqAAM","01s360000042pVRAAY"
"0.0","01t36000001fKQrAAM","01s360000042pVRAAY"
"0.0","01t36000001fKQsAAM","01s360000042pVRAAY"
"0.0","01t36000001fKQtAAM","01s360000042pVRAAY"
"0.0","01t36000001fKQuAAM","01s360000042pVRAAY"
"0.0","01t36000001fKQvAAM","01s360000042pVRAAY"
"0.0","01t36000001fKQwAAM","01s360000042pVRAAY"
"0.0","01t36000001fKQxAAM","01s360000042pVRAAY"
"0.0","01t36000001fKQyAAM","01s360000042pVRAAY"

